{
  "total_trades": 186,
  "win_rate": 54.83870967741935,
  "avg_roi": 13.243271481653435,
  "sharpe_ratio": 0.15165543515664312,
  "profit_factor": 1.4715682312700356,
  "max_drawdown": -323.0221283273602,
  "total_pl": 1067.0158160842666
}